 {
  // If true, when in a docblock, pressing tab after a @tag line (like @param, @return)
  // will indent to the description. This is useful if you are writing a long description
  // and want that block of text to stay aligned.
  "jsdocs_deep_indent": true,

  // If true, then pressing enter while in a double-slash comment (like this one)
  // will automatically add two slashes to the next line as well
  // 自动添加双斜杠到下一行（true）
  "jsdocs_extend_double_slash": false,

  // the number of spaces to add after the leading *
  //缩进2个空格
  "jsdocs_indentation_spaces": 2,

  // The number of spaces to add after the leading * in lines under the first line of each
  // paragraph. This is only used together with automatic line wrapping. For example, a value
  // of 3 might look like this:
  //
  // /**
  //  * Duis sed arcu non tellus eleifend ullamcorper quis non erat. Curabitur
  //  *   metus elit, ultrices et tristique a, blandit at justo.
  //  * @param  {String} foo Lorem ipsum dolor sit amet.
  //  * @param  {Number} bar Nullam fringilla feugiat pretium. Quisque
  //  *   consectetur, risus eu pellentesque tincidunt, nulla ipsum imperdiet
  //  *   massa, sit amet adipiscing dolor.
  //  * @return {[Type]}
  //  */
  //缩进空间相同的缩进
  "jsdocs_indentation_spaces_same_para": 2,

  // whether the words following the @tags should align.
  // Possible values are 'no', 'shallow', 'deep'
  // For backwards compatibility, false is equivalent to 'no', true is equivalent to 'shallow'
  //
  // 'shallow' will just align the first words after the tag. eg:
  // @param    {MyCustomClass} myVariable desc1
  // @return   {String} foo desc2
  // @property {Number} blahblah desc3
  //
  // 'deep' will align each component of the tags, eg:
  // @param    {MyCustomClass} myVariable desc1
  // @return   {String}        foo        desc2
  // @property {Number}        blahblah   desc3
  "jsdocs_align_tags": "deep",

  // Any additional boilerplate tags which should be added to each block. Should be an array of strings.
  // Note that this only applies when a docblock is opened directly preceding a function.
  // Tab points can be added by using snippet syntax, eg: ${1:default text}
  //仅适用于文档打开前一个函数
  "jsdocs_extra_tags": [
        "@Author wuqin",  //作者
        "@DateTime {{date}}",  //创建时间
        "@example ${1:[example]}",  //示例
        "@link ${1:[link]}",  //链接
        "@namespace ${1:[namespace]}",  //命名空间
        "@requires ${1:[requires]}",  //依赖模块
        "@copyright ${1:[copyright]}",  //版权
        "@version ${1:[version]}"  //版本号
  ],

  // If extra tags are defined, by default they go between the description and the param/return tags. If this is set to
  // true, the extra tags are placed at the very end.
  //参数和返回值放在标签最后（false）
  "jsdocs_extra_tags_go_after": false,

  // A map to determine the value of variables, should hungarian notation (or similar) be in use
  "jsdocs_notation_map": [
    {
            "prefix": "b", /* a prefix, matches only if followed by an underscore or A-Z */
            "type": "bool" /* translates to "Boolean" in javascript, "bool" in PHP */
        },
        {
            "regex": "tbl_?[Rr]ow", /* any arbitrary regex to test against the variable name */
            "type": "TableRow"      /* you can add your own types */
        }
  ],

  // Since there seems to be no agreed standard for "@return" or "@returns", use this setting to rename it as you wish.
  "jsdocs_return_tag": "@return",

  // Add a '[function_name description]' for the function block
    //添加一个function_name描述的功能块
  "jsdocs_function_description": false,

  // Add a '[description]' placeholder for the return tag?
    //添加一个描述 占位符返回标签   例如：@return    {[type]}      [description]
  "jsdocs_return_description": true,

  // Add a '[description]' placeholder for the param tag?
    //添加一个描述 占位符参数标签  例如：@param     {[type]}    e [description]
  "jsdocs_param_description": true,

  // Add a name of parameter in param tag?
  //添加一个名称在参数标签后  例如：@param     {[type]}    e [description]
  "jsdocs_param_name": true,

  // Whether there should be blank lines added between the description line, and between tags of different types.
  // Possible values are true, false, or "after_description".
  // If true, the output might look like this:
  //是否应该有空白行添加描述之间的线,和标签之间的不同类型。可能的值是真的,假的,或“after_description”。
  //如果这是真的,输出可能会看起来像这样:
  // /**
  //  * [description]
  //  *
  //  * @param  {String} foo
  //  * @param  {Number} bar
  //  *
  //  * @return {[Type]}
  //  */

  //
  // If "after_description" is configured, a blank line is only added between the description and the first tag, but not
  // between different tag sections, so the output, in that case, might look like this:
  //
  // /**
  //  * [description]
  //  *
  //  * @param  {String} foo
  //  * @param  {Number} bar
  //  * @return {[Type]}
  //  */
  //
  "jsdocs_spacer_between_sections": false,

  // Whether each section should be indented to the same level, or indent each one individually.
  // (When true, the @param section will lose the extra space immediately after each '@param').
  "jsdocs_per_section_indent": true,

  // Minimum spaces between cols (default is 1). For example, a value
  // of 2 might look like this:
  //
  // /**
  //  * Duis sed arcu non tellus eleifend ullamcorper quis non erat. Curabitur
  //  *
  //  * @param   {String}  foo  Lorem ipsum dolor sit amet.
  //  * @param   {Number}  bar  Nullam fringilla feugiat pretium. Quisque
  //  *
  //  * @return  {[Type]}       description
  //  */
  "jsdocs_min_spaces_between_columns": 1,

  // indicates whether the @method tag should be added automatically
  //中@ method标签指示是否应自动添加
  "jsdocs_autoadd_method_tag": false,

  // If set to true, DocBlockr won't parse any code, providing no default templates. All other functions work as normal.
  //如果设置为真,DocBlockr不会解析任何代码,提供没有默认模板。所有其他功能工作正常。
  "jsdocs_simple_mode": false,

  // If set to true, primitives such as "Number" and "String" will be documented as "number" and "string".
  "jsdocs_lower_case_primitives": false,

  // If set to true, primitives such as "boolean" and "integer" will be shortened to "bool" and "int".
  "jsdocs_short_primitives": false,

  // This property affects the default tag added to `var` declarations in Javascript/Coffeescript. If `false`, the
  // default is used ("var"), otherwise it can be set to any String, eg: "property"
  //这个属性会影响默认标签添加到Javascript / Coffeescript“var”声明。如果‘假’,
  //默认使用(“var”),否则它可以设置为任何字符串,例如:“财产”
  "jsdocs_override_js_var": false,

  // If set to true, an extra line break is added after the end of a docblock to separate it from the code.
  //如果设置为真,额外添加换行符结束后docblock分离它的代码
  "jsdocs_newline_after_block": false,

  // If set to true, Ctrl+Enter while in a single line comment will 'decorate' the comment.
  //如果设置为true,按Ctrl + Enter在一行评论将“装修”发表评论。
  "jsdocs_decorate": true,

  // If set to true, typing /**<space> will open an inline docblock
  "jsdocs_quick_open_inline": true,

  "jsdocs_development_mode": false
}
